datetime,datetimeEpoch,tempmax,tempmin,temp,feelslikemax,feelslikemin,feelslike,dew,humidity,precip,precipprob,precipcover,preciptype,snow,snowdepth,windgust,windspeed,winddir,sealevelpressure,cloudcover,visibility,solarradiation,solarenergy,uvindex,sunrise,sunriseEpoch,sunset,sunsetEpoch,moonphase,conditions,description,icon,stations
2024-01-09,1704776400,-1.0,-6.7,-4.7,-7.1,-15.4,-11.6,-7.2,82.6,8.499,100.0,41.67,"['rain', 'freezingrain', 'snow']",18.3,12.1,55.3,39.0,79.5,1016.5,93.5,14.2,12.5,1.1,1.0,07:41:42,1704804102,16:38:11,1704836291,0.94,"Snow, Rain, Freezing Drizzle/Freezing Rain, Overcast",Cloudy skies throughout the day with rain or snow.,snow,"['CXKE', 'CYOW', 'CYND', 'E3670', '71063099999', '71628099999', 'CTCK', 'CXOA', '71304199999', '71300099999']"
2024-01-10,1704862800,4.9,-4.8,1.1,1.9,-12.2,-3.3,-1.4,84.0,7.939,100.0,37.5,"['rain', 'snow']",8.2,13.0,52.9,34.7,256.6,986.0,86.1,18.0,27.8,2.4,2.0,07:41:22,1704890482,16:39:20,1704922760,0.97,"Snow, Rain, Partially cloudy",Partly cloudy throughout the day with a chance of rain or snow throughout the day.,snow,"['CXKE', 'CYOW', 'E3670', '71628099999', '71063099999', 'CTCK', 'CXOA', '71304199999', '71300099999']"
2024-01-11,1704949200,-4.8,-7.1,-6.0,-5.8,-12.9,-10.2,-9.5,76.4,0.543,100.0,37.5,['snow'],0.9,8.9,36.6,20.1,296.2,1008.8,76.0,19.0,21.8,1.9,1.0,07:41:00,1704976860,16:40:31,1705009231,0.0,"Snow, Partially cloudy",Partly cloudy throughout the day with snow.,snow,"['CXKE', 'E3670', '71063099999', '71628099999', 'CTCK', 'CXOA', '71300099999']"
2024-01-12,1705035600,-4.8,-10.7,-6.3,-5.2,-14.4,-10.9,-10.8,71.2,0.015,100.0,4.17,['snow'],0.3,9.0,46.4,33.1,62.6,1019.3,68.6,22.0,39.7,3.3,2.0,07:40:36,1705063236,16:41:43,1705095703,0.04,"Snow, Partially cloudy",Partly cloudy throughout the day with late afternoon snow.,snow,"['CXKE', 'CYOW', 'E3670', '71063099999', '71628099999', 'CTCK', 'CXOA', '71304199999', '71300099999']"
2024-01-13,1705122000,2.1,-7.0,-2.0,-2.6,-16.6,-8.5,-4.3,85.1,16.979,100.0,66.67,"['rain', 'snow']",31.3,31.8,60.8,38.8,131.2,991.3,91.2,8.5,10.9,1.0,1.0,07:40:09,1705149609,16:42:57,1705182177,0.08,"Snow, Rain, Overcast",Cloudy skies throughout the day with a chance of rain or snow throughout the day.,snow,"['CXKE', 'CYOW', 'E3670', '71628099999', '71063099999', 'CTCK', 'CXOA', '71304199999', '71300099999']"
2024-01-14,1705208400,-3.0,-8.1,-4.8,-9.5,-14.1,-11.6,-10.6,64.3,0.095,100.0,12.5,['snow'],1.8,36.6,52.9,37.7,245.5,1002.7,77.7,22.1,36.3,3.3,2.0,07:39:39,1705235979,16:44:12,1705268652,0.11,"Snow, Partially cloudy",Partly cloudy throughout the day with snow.,snow,"['CXKE', 'E3670', '71063099999', '71628099999', 'CTCK', 'CXOA', '71300099999']"
2024-01-15,1705294800,-7.1,-12.1,-9.3,-11.8,-19.0,-15.9,-15.1,63.3,0.0,0.0,0.0,['snow'],0.1,37.3,38.9,24.2,226.3,1018.1,55.8,24.0,42.7,3.8,2.0,07:39:07,1705322347,16:45:28,1705355128,0.15,Partially cloudy,Clearing in the afternoon.,partly-cloudy-day,"['CXKE', 'E3670', '71063099999', '71628099999', 'CTCK', 'CXOA', '71300099999']"
2024-01-16,1705381200,-7.3,-15.4,-10.4,-7.3,-19.6,-13.6,-13.2,80.4,1.732,100.0,37.5,['snow'],3.0,36.8,14.4,17.4,179.8,1014.2,81.5,14.5,13.5,1.2,1.0,07:38:32,1705408712,16:46:45,1705441605,0.18,"Snow, Partially cloudy",Partly cloudy throughout the day with snow.,snow,"['CXKE', 'CYOW', 'E3670', '71063099999', '71628099999', 'CTCK', 'CXOA', '71304199999', '71300099999']"
2024-01-17,1705467600,-8.9,-17.8,-12.8,-14.7,-24.6,-18.7,-16.8,72.7,0.0,0.0,0.0,['snow'],0.0,38.2,33.1,20.6,226.6,1009.7,60.4,24.0,23.5,2.0,1.0,07:37:55,1705495075,16:48:03,1705528083,0.25,Partially cloudy,Partly cloudy throughout the day.,partly-cloudy-day,"['CXKE', 'CYOW', 'E3670', '71063099999', '71628099999', 'CTCK', 'CXOA', '71304199999', '71300099999']"
2024-01-18,1705554000,-6.8,-11.7,-9.9,-7.2,-18.0,-13.6,-13.9,72.6,0.0,0.0,0.0,,0.0,38.4,27.7,14.7,235.9,1015.4,75.7,23.4,41.8,3.6,2.0,07:37:16,1705581436,16:49:23,1705614563,0.25,Partially cloudy,Partly cloudy throughout the day.,partly-cloudy-day,"['CXKE', 'E3670', '71063099999', '71628099999', 'CTCK', 'CXOA', '71300099999']"
2024-01-19,1705640400,-9.1,-17.9,-14.9,-15.9,-25.3,-22.0,-20.0,65.9,0.0,0.0,0.0,,0.0,37.5,23.0,18.7,337.7,1017.8,58.8,24.0,44.9,3.9,2.0,07:36:34,1705667794,16:50:43,1705701043,0.29,Partially cloudy,Partly cloudy throughout the day.,partly-cloudy-day,"['CXKE', 'CYOW', 'E3670', '71063099999', '71628099999', 'CTCK', 'CXOA', '71304199999', '71300099999']"
2024-01-20,1705726800,-10.9,-16.9,-13.6,-18.2,-25.7,-21.3,-17.9,70.2,0.033,100.0,12.5,['snow'],0.8,36.8,37.1,26.1,302.0,1018.3,84.4,20.5,44.0,3.8,2.0,07:35:50,1705754150,16:52:04,1705787524,0.32,"Snow, Partially cloudy",Partly cloudy throughout the day with snow.,snow,"['CXKE', 'E3670', '71063099999', '71628099999', 'CTCK', 'CXOA', '71300099999']"
2024-01-21,1705813200,-9.8,-17.8,-14.0,-14.1,-25.6,-19.9,-18.6,68.8,0.0,0.0,0.0,,0.0,37.3,27.7,18.4,275.7,1028.9,42.3,21.5,49.1,4.4,4.0,07:35:04,1705840504,16:53:26,1705874006,0.36,Partially cloudy,Partly cloudy throughout the day.,partly-cloudy-day,"['CXKE', 'E3670', '71063099999', '71628099999', 'CTCK', 'CXOA', '71300099999']"
2024-01-22,1705899600,-1.3,-13.7,-4.9,-4.8,-19.5,-10.7,-8.8,74.9,1.256,100.0,25.0,['snow'],1.9,37.8,46.1,29.6,221.8,1026.4,64.8,17.8,38.6,3.3,2.0,07:34:15,1705926855,16:54:48,1705960488,0.39,"Snow, Partially cloudy",Partly cloudy throughout the day with snow.,snow,"['CXKE', 'E3670', '71063099999', '71628099999', 'CTCK', 'CXOA', '71300099999']"
2024-01-23,1705986000,-0.8,-7.2,-2.7,-3.3,-14.1,-6.9,-7.3,71.4,0.084,100.0,8.33,"['rain', 'snow']",0.0,39.5,35.3,20.5,18.8,1032.3,86.8,19.3,34.1,2.8,3.0,07:33:24,1706013204,16:56:12,1706046972,0.43,"Snow, Rain, Partially cloudy",Partly cloudy throughout the day with rain or snow.,snow,"['CXKE', 'E3670', '71063099999', '71628099999', 'CTCK', 'CXOA', '71300099999']"
2024-01-24,1706072400,-4.1,-10.3,-8.1,-6.6,-17.9,-13.9,-9.7,88.1,3.227,100.0,66.67,"['freezingrain', 'snow']",3.8,42.2,35.3,21.9,72.4,1029.1,93.2,6.7,16.3,1.4,1.0,07:32:31,1706099551,16:57:36,1706133456,0.46,"Snow, Freezing Drizzle/Freezing Rain, Overcast",Cloudy skies throughout the day with a chance of snow throughout the day.,snow,"['CXKE', 'CYOW', 'E3670', '71063099999', '71628099999', 'CTCK', 'CXOA', '71304199999', '71300099999']"
2024-01-25,1706158800,0.7,-3.9,-1.0,0.7,-6.2,-2.9,-2.1,92.5,2.888,100.0,37.5,"['rain', 'freezingrain', 'snow']",0.2,42.2,18.7,11.4,352.1,1023.3,85.6,10.8,31.7,2.6,2.0,07:31:36,1706185896,16:59:00,1706219940,0.5,"Snow, Rain, Freezing Drizzle/Freezing Rain, Partially cloudy",Partly cloudy throughout the day with a chance of rain or snow throughout the day.,snow,"['CXKE', 'E3670', '71063099999', '71628099999', 'CTCK', 'CXOA', '71300099999']"
2024-01-26,1706245200,1.8,-0.9,0.6,1.0,-5.7,-2.9,-0.5,92.7,8.326,100.0,50.0,"['rain', 'freezingrain', 'snow']",2.0,35.3,31.7,17.1,37.4,1020.3,94.4,12.4,22.6,1.9,2.0,07:30:38,1706272238,17:00:25,1706306425,0.53,"Snow, Rain, Freezing Drizzle/Freezing Rain, Overcast",Cloudy skies throughout the day with rain or snow.,snow,"['CXKE', 'E3670', '71063099999', '71628099999', 'CTCK', 'CXOA', '71300099999']"
2024-01-27,1706331600,1.2,0.0,0.6,1.0,-2.2,-0.2,-0.2,94.2,0.281,100.0,25.0,"['rain', 'snow']",0.0,31.9,10.1,9.1,182.7,1023.8,91.2,7.8,21.3,1.8,1.0,07:29:39,1706358579,17:01:51,1706392911,0.56,"Snow, Rain, Overcast",Cloudy skies throughout the day with a chance of rain or snow throughout the day.,rain,"['CXKE', 'CYOW', 'E3670', '71063099999', '71628099999', 'CTCK', 'CXOA', '71304199999', '71300099999']"
2024-01-28,1706418000,2.0,0.0,0.8,0.2,-2.9,-1.2,-0.9,89.1,0.0,0.0,0.0,['snow'],0.0,29.9,24.5,14.7,34.3,1016.5,89.6,11.0,28.0,2.4,2.0,07:28:37,1706444917,17:03:17,1706479397,0.6,Partially cloudy,Partly cloudy throughout the day.,partly-cloudy-day,"['CXKE', 'E3670', '71063099999', '71628099999', 'CTCK', 'CXOA', '71300099999']"
2024-01-29,1706504400,0.7,-6.2,-2.0,-1.0,-7.6,-5.3,-5.9,75.3,0.004,100.0,8.33,"['rain', 'snow']",0.0,28.5,27.7,20.2,1.6,1016.9,62.1,23.3,38.8,3.3,2.0,07:27:33,1706531253,17:04:43,1706565883,0.63,"Snow, Rain, Partially cloudy",Partly cloudy throughout the day with early morning snow or rain.,rain,"['CXKE', 'E3670', '71063099999', '71628099999', 'CTCK', 'CXOA', '71300099999']"
2024-01-30,1706590800,-3.3,-7.1,-5.6,-7.0,-13.7,-10.6,-9.9,72.6,0.0,0.0,0.0,['snow'],0.1,28.5,25.9,20.7,81.9,1022.6,83.2,23.8,49.7,4.2,2.0,07:26:28,1706617588,17:06:10,1706652370,0.66,Partially cloudy,Partly cloudy throughout the day.,partly-cloudy-day,"['CXKE', 'E3670', '71063099999', '71628099999', 'CTCK', 'CXOA', '71300099999']"
2024-01-31,1706677200,2.0,-7.3,-3.4,0.2,-12.6,-5.6,-6.5,79.8,0.0,0.0,0.0,['snow'],0.0,28.1,25.9,12.9,113.7,1017.2,91.3,17.0,33.2,3.0,2.0,07:25:20,1706703920,17:07:37,1706738857,0.7,Overcast,Cloudy skies throughout the day.,cloudy,"['CXKE', 'E3670', '71063099999', '71628099999', 'CTCK', 'CXOA', '71300099999']"
2024-02-01,1706763600,3.1,1.1,2.1,0.6,-3.8,-1.1,0.2,87.5,0.168,100.0,25.0,"['rain', 'snow']",0.0,24.0,34.6,20.0,228.9,1010.2,92.9,18.2,19.2,1.9,1.0,07:24:11,1706790251,17:09:04,1706825344,0.73,"Snow, Rain, Overcast",Cloudy skies throughout the day with rain or snow.,rain,"['CXKE', 'CYOW', 'E3670', '71063099999', '71628099999', 'CTCK', 'CXOA', '71304199999', '71300099999']"
2024-02-02,1706850000,2.0,-3.0,-0.5,-0.7,-7.9,-5.0,-3.8,78.2,0.0,0.0,0.0,,0.0,21.4,35.3,23.8,353.5,1018.3,75.6,23.7,36.4,3.3,2.0,07:23:00,1706876580,17:10:31,1706911831,0.75,Partially cloudy,Partly cloudy throughout the day.,partly-cloudy-day,"['CXKE', 'E3670', '71063099999', '71628099999', 'CTCK', 'CXOA', '71300099999']"
2024-02-03,1706936400,-1.9,-6.8,-3.8,-1.9,-10.6,-5.6,-8.3,71.1,0.0,0.0,0.0,,0.0,20.1,14.4,9.8,1.2,1022.5,74.5,24.0,50.1,4.4,3.0,07:21:47,1706962907,17:11:59,1706998319,0.79,Partially cloudy,Partly cloudy throughout the day.,partly-cloudy-day,"['CXKE', 'E3670', '71063099999', '71628099999', 'CTCK', 'CXOA', '71300099999']"
2024-02-04,1707022800,-0.3,-6.4,-2.9,-0.3,-10.2,-4.6,-6.7,74.8,0.0,0.0,0.0,['snow'],0.0,18.8,10.1,9.3,66.5,1018.8,69.3,23.6,48.5,4.2,2.0,07:20:32,1707049232,17:13:26,1707084806,0.83,Partially cloudy,Partly cloudy throughout the day.,partly-cloudy-day,"['CXKE', 'E3670', '71063099999', '71628099999', 'CTCK', 'CXOA', '71300099999']"
2024-02-05,1707109200,2.7,-5.0,-1.2,0.7,-10.1,-4.5,-8.5,59.4,0.0,0.0,0.0,,0.0,17.2,20.2,16.2,8.9,1020.4,21.7,24.0,71.9,6.1,4.0,07:19:15,1707135555,17:14:54,1707171294,0.86,Partially cloudy,Partly cloudy throughout the day.,partly-cloudy-day,"['CXKE', 'E3670', '71063099999', '71628099999', 'CTCK', 'CXOA', '71300099999']"
2024-02-06,1707195600,1.1,-8.0,-4.0,1.1,-11.1,-5.7,-10.3,63.0,0.0,0.0,0.0,,0.0,15.0,14.4,11.2,70.6,1026.4,22.1,24.0,74.5,6.6,4.0,07:17:57,1707221877,17:16:22,1707257782,0.89,Partially cloudy,Partly cloudy throughout the day.,partly-cloudy-day,"['CXKE', 'E3670', '71063099999', '71628099999', 'CTCK', 'CXOA', '71300099999']"
2024-02-07,1707282000,0.2,-9.0,-4.3,0.2,-11.0,-5.4,-8.3,75.1,0.0,0.0,0.0,['snow'],0.0,13.1,13.0,7.7,75.9,1027.4,66.3,24.0,43.3,3.6,2.0,07:16:37,1707308197,17:17:50,1707344270,0.93,Partially cloudy,Partly cloudy throughout the day.,partly-cloudy-day,"['CXKE', 'E3670', '71063099999', '71628099999', 'CTCK', 'CXOA', '71300099999']"
2024-02-08,1707368400,3.9,-6.2,-0.7,1.0,-9.2,-3.2,-5.9,69.1,0.0,0.0,0.0,,0.0,10.2,23.0,15.2,78.4,1023.8,54.9,24.0,62.1,5.5,4.0,07:15:16,1707394516,17:19:17,1707430757,0.96,Partially cloudy,Partly cloudy throughout the day.,partly-cloudy-day,"['CXKE', 'E3670', '71063099999', '71628099999', 'CTCK', 'CXOA', '71300099999']"
2024-02-09,1707454800,8.2,-0.9,3.7,7.2,-4.2,1.1,-0.9,72.5,1.207,100.0,12.5,['rain'],0.0,5.5,33.1,19.9,145.9,1010.9,82.9,24.0,48.1,4.1,2.0,07:13:53,1707480833,17:20:45,1707517245,0.0,"Rain, Partially cloudy",Partly cloudy throughout the day with late afternoon rain.,rain,"['CXKE', 'E3670', '71063099999', '71628099999', 'CTCK', 'CXOA', '71300099999']"
2024-02-10,1707541200,6.1,3.2,4.8,4.4,0.1,2.1,1.6,80.4,0.181,100.0,8.33,['rain'],0.0,3.7,33.1,20.0,250.5,1006.1,68.0,23.4,36.2,3.2,2.0,07:12:28,1707567148,17:22:13,1707603733,0.03,"Rain, Partially cloudy",Partly cloudy throughout the day with early morning rain.,rain,"['CXKE', 'E3670', '71063099999', '71628099999', 'CTCK', 'CXOA', '71300099999']"
2024-02-11,1707627600,3.1,0.9,2.1,0.6,-3.1,-1.3,-3.4,66.7,0.0,0.0,0.0,['snow'],0.0,3.4,33.1,20.7,271.7,1012.1,79.3,24.0,50.2,4.4,2.0,07:11:02,1707653462,17:23:40,1707690220,0.06,Partially cloudy,Partly cloudy throughout the day.,partly-cloudy-day,"['CXKE', 'E3670', '71063099999', '71628099999', 'CTCK', 'CXOA', '71300099999']"
2024-02-12,1707714000,2.2,-4.1,0.0,0.7,-4.1,-2.3,-5.5,67.9,0.0,0.0,0.0,['snow'],0.1,2.2,21.6,13.1,267.6,1012.1,68.7,24.0,62.6,5.6,4.0,07:09:35,1707739775,17:25:07,1707776707,0.09,Partially cloudy,Partly cloudy throughout the day.,partly-cloudy-day,"['CXKE', 'E3670', '71063099999', '71628099999', 'CTCK', 'CXOA', '71300099999']"
2024-02-13,1707800400,3.6,-7.8,-2.9,3.6,-16.7,-5.6,-7.3,73.8,0.015,100.0,12.5,['snow'],0.2,6.2,48.1,32.2,332.6,1007.7,49.4,19.8,81.4,7.0,4.0,07:08:06,1707826086,17:26:35,1707863195,0.13,"Snow, Partially cloudy",Becoming cloudy in the afternoon with late afternoon snow.,snow,"['CXKE', 'E3670', '71063099999', '71628099999', 'CTCK', 'CXOA', '71300099999']"
2024-02-14,1707886800,-5.0,-10.0,-7.9,-11.7,-18.9,-15.6,-14.8,58.1,0.03,100.0,4.17,['snow'],0.0,4.7,48.3,32.1,302.5,1018.5,43.0,24.0,117.3,10.0,5.0,07:06:36,1707912396,17:28:02,1707949682,0.16,"Snow, Partially cloudy",Clearing in the afternoon with early morning snow.,snow,"['CXKE', 'E3670', '71063099999', '71628099999', 'CTCK', 'CXOA', '71300099999']"
2024-02-15,1707973200,-4.0,-11.4,-7.5,-8.3,-14.9,-11.8,-12.6,68.5,3.32,100.0,20.83,['snow'],3.4,4.5,40.3,21.0,75.0,1016.2,62.5,19.4,62.3,5.3,3.0,07:05:04,1707998704,17:29:28,1708036168,0.2,"Snow, Partially cloudy",Partly cloudy throughout the day with late afternoon snow.,snow,"['CXKE', 'CYOW', 'CYND', 'E3670', '71063099999', '71628099999', 'CTCK', 'CXOA', '71300099999']"
2024-02-16,1708059600,-2.2,-9.0,-5.5,-8.2,-14.4,-11.1,-9.3,75.5,1.899,100.0,25.0,['snow'],1.7,9.3,38.1,24.1,300.6,1010.2,68.1,18.6,51.7,4.5,4.0,07:03:31,1708085011,17:30:55,1708122655,0.25,"Snow, Partially cloudy",Partly cloudy throughout the day with snow clearing later.,snow,"['CXKE', 'E3670', '71063099999', '71628099999', 'CTCK', 'CXOA', '71300099999']"
2024-02-17,1708146000,-8.3,-15.0,-10.9,-13.2,-20.2,-16.6,-16.6,64.3,0.0,0.0,0.0,['snow'],0.0,8.3,37.1,25.9,291.3,1010.2,50.5,23.7,122.8,10.5,6.0,07:01:57,1708171317,17:32:22,1708209142,0.27,Partially cloudy,Partly cloudy throughout the day.,partly-cloudy-day,"['CXKE', 'E3670', '71063099999', '71628099999', 'CTCK', 'CXOA', '71300099999']"
2024-02-18,1708232400,-1.3,-13.4,-6.3,-6.9,-19.2,-12.0,-9.7,77.3,1.868,100.0,75.0,"['rain', 'snow']",5.4,8.9,46.1,27.7,231.7,1002.5,83.1,11.5,11.8,1.2,1.0,07:00:22,1708257622,17:33:48,1708295628,0.3,"Snow, Rain, Partially cloudy",Partly cloudy throughout the day with a chance of rain or snow throughout the day.,snow,"['CXKE', 'CYOW', 'E3670', '71063099999', '71628099999', 'CTCK', 'CXOA', '71304199999', '71300099999']"
2024-02-19,1708318800,-7.8,-14.1,-11.3,-11.2,-22.1,-17.6,-18.0,58.3,0.003,100.0,4.17,['snow'],0.0,8.9,44.5,28.3,288.7,1022.7,30.2,24.0,125.6,10.8,6.0,06:58:46,1708343926,17:35:14,1708382114,0.33,"Snow, Partially cloudy",Partly cloudy throughout the day with early morning snow.,snow,"['CXKE', 'CYOW', 'E3670', '71063099999', '71628099999', 'CTCK', 'CXOA', '71300099999']"
2024-02-20,1708405200,-6.3,-11.3,-9.4,-6.3,-17.7,-13.6,-14.8,64.8,0.0,0.0,0.0,['snow'],0.4,8.4,17.3,12.7,76.9,1031.6,68.7,21.1,57.2,4.9,2.0,06:57:08,1708430228,17:36:39,1708468599,0.37,Partially cloudy,Partly cloudy throughout the day.,partly-cloudy-day,"['CXKE', 'E3670', '71063099999', '71628099999', 'CTCK', 'CXOA', '71300099999']"
2024-02-21,1708491600,4.0,-12.3,-4.9,1.1,-19.0,-9.0,-10.0,68.9,0.0,0.0,0.0,,0.0,6.6,36.0,14.8,76.3,1024.1,56.1,22.7,117.8,10.2,5.0,06:55:30,1708516530,17:38:05,1708555085,0.4,Partially cloudy,Partly cloudy throughout the day.,partly-cloudy-day,"['CXKE', 'E3670', '71063099999', '71628099999', 'CTCK', 'CXOA', '71300099999']"
2024-02-22,1708578000,6.2,1.0,3.1,3.6,-1.4,0.4,-1.0,75.1,0.658,100.0,33.33,"['rain', 'freezingrain', 'snow']",1.2,3.6,31.7,17.7,181.1,1007.6,83.3,20.7,102.3,8.9,5.0,06:53:50,1708602830,17:39:30,1708641570,0.44,"Snow, Rain, Freezing Drizzle/Freezing Rain, Partially cloudy",Partly cloudy throughout the day with a chance of rain or snow throughout the day.,snow,"['CXKE', 'E3670', '71063099999', '71628099999', 'CTCK', 'CXOA', '71300099999']"
2024-02-23,1708664400,4.1,-10.8,-0.8,0.7,-18.6,-5.4,-4.1,79.3,0.083,100.0,4.17,"['rain', 'snow']",0.0,3.0,39.9,28.0,297.8,1001.0,75.4,17.8,45.0,4.1,4.0,06:52:10,1708689130,17:40:55,1708728055,0.47,"Snow, Rain, Partially cloudy",Partly cloudy throughout the day with afternoon rain or snow.,rain,"['CXKE', 'E3670', '71063099999', '71628099999', 'CTCK', 'CXOA', '71300099999']"
2024-02-24,1708750800,-9.8,-16.8,-12.9,-12.0,-25.7,-19.9,-20.9,51.7,0.0,0.0,0.0,,0.0,2.9,33.4,24.0,328.4,1014.9,14.3,24.0,142.3,12.2,6.0,06:50:28,1708775428,17:42:19,1708814539,0.5,Clear,Clear conditions throughout the day.,clear-day,"['CXKE', 'E3670', '71063099999', '71628099999', 'CTCK', 'CXOA', '71300099999']"
2024-02-25,1708837200,1.1,-13.3,-5.5,-1.8,-16.7,-8.2,-10.6,68.1,0.332,100.0,4.17,['snow'],2.4,1.9,38.7,24.2,184.6,1013.6,56.1,23.1,78.7,6.9,4.0,06:48:46,1708861726,17:43:44,1708901024,0.54,"Snow, Partially cloudy",Partly cloudy throughout the day with late afternoon snow.,snow,"['CXKE', 'E3670', '71063099999', '71628099999', 'CTCK', 'CXOA', '71300099999']"
2024-02-26,1708923600,3.9,-0.7,1.3,1.7,-3.9,-1.6,-5.7,61.4,0.078,100.0,12.5,"['rain', 'snow']",0.5,1.6,38.9,26.4,280.7,1012.8,61.3,22.2,145.0,12.7,6.0,06:47:03,1708948023,17:45:08,1708987508,0.57,"Snow, Rain, Partially cloudy",Partly cloudy throughout the day with morning rain or snow.,snow,"['CXKE', 'E3670', '71063099999', '71628099999', 'CTCK', 'CXOA', '71300099999']"
2024-02-27,1709010000,10.0,-1.3,3.9,10.0,-5.3,1.5,-3.1,60.9,0.0,0.0,0.0,,0.0,2.1,33.1,13.5,81.1,1007.2,70.2,23.8,112.6,9.7,5.0,06:45:19,1709034319,17:46:32,1709073992,0.61,Partially cloudy,Partly cloudy throughout the day.,partly-cloudy-day,"['CXKE', 'E3670', '71063099999', '71628099999', 'CTCK', 'CXOA', '71300099999']"
2024-02-28,1709096400,15.0,-12.3,5.1,15.0,-23.3,2.0,2.0,81.2,1.806,100.0,25.0,"['rain', 'snow']",0.1,2.7,64.6,42.3,254.8,996.4,85.3,20.3,23.1,1.9,3.0,06:43:34,1709120614,17:47:55,1709160475,0.64,"Snow, Rain, Partially cloudy",Partly cloudy throughout the day with rain or snow.,snow,"['CXKE', 'E3670', '71063099999', '71628099999', 'CTCK', 'CXOA', '71304199999', '71300099999']"
2024-02-29,1709182800,-7.7,-13.1,-11.0,-14.8,-22.8,-19.3,-20.1,48.2,0.0,0.0,0.0,,0.0,4.2,53.7,33.5,289.6,1023.5,29.7,24.0,166.2,14.5,6.0,06:41:48,1709206908,17:49:18,1709246958,0.67,Partially cloudy,Partly cloudy throughout the day.,partly-cloudy-day,"['CXKE', 'E3670', '71063099999', '71628099999', 'CTCK', 'CXOA', '71300099999']"
2024-03-01,1709269200,5.2,-12.1,-3.1,2.9,-17.3,-6.5,-9.7,60.8,0.0,0.0,0.0,,0.0,6.2,31.3,20.4,203.2,1029.8,48.0,24.0,129.2,11.2,6.0,06:40:01,1709293201,17:50:41,1709333441,0.71,Partially cloudy,Partly cloudy throughout the day.,partly-cloudy-day,"['CXKE', 'E3670', '71063099999', '71628099999', 'CTCK', 'CXOA', '71300099999']"
2024-03-02,1709355600,5.7,-3.2,1.3,3.3,-5.5,-0.1,-0.9,85.6,0.089,100.0,16.67,['rain'],0.1,3.4,30.2,20.0,136.1,1024.2,75.3,17.5,49.7,4.2,3.0,06:38:14,1709379494,17:52:04,1709419924,0.74,"Rain, Partially cloudy",Partly cloudy throughout the day with rain or snow.,snow,"['CXKE', 'E2286', 'E3670', '71063099999', '71628099999', 'CTCK', 'CXOA', '71300099999']"
2024-03-03,1709442000,7.7,1.3,3.8,7.7,-0.5,3.4,2.5,91.6,0.0,0.0,0.0,['rain'],0.0,2.2,10.1,9.3,22.7,1025.3,81.0,13.3,56.4,5.0,2.0,06:36:27,1709465787,17:53:26,1709506406,0.75,Partially cloudy,Partly cloudy throughout the day.,partly-cloudy-day,"['CXKE', 'E3670', '71063099999', '71628099999', 'CTCK', 'CXOA', '71300099999']"
2024-03-04,1709528400,10.4,1.9,4.8,10.4,-1.7,2.4,3.0,89.1,0.0,0.0,0.0,['rain'],0.0,0.9,25.9,20.2,76.0,1024.9,64.1,15.3,116.7,10.3,6.0,06:34:38,1709552078,17:54:48,1709592888,0.81,Partially cloudy,Partly cloudy throughout the day.,partly-cloudy-day,"['CXKE', 'E3670', '71063099999', '71628099999', 'CTCK', 'CXOA', '71304199999', '71300099999']"
2024-03-05,1709614800,16.3,1.7,8.5,16.3,-0.5,7.4,4.8,79.5,0.937,100.0,8.33,['rain'],0.0,0.0,34.6,22.3,120.2,1016.7,60.2,22.5,89.1,7.9,4.0,06:32:49,1709638369,17:56:10,1709679370,0.84,"Rain, Partially cloudy",Partly cloudy throughout the day with late afternoon rain.,rain,"['CXKE', 'E3670', '71063099999', '71628099999', 'CTCK', 'CXOA', '71300099999']"
2024-03-06,1709701200,6.2,3.9,5.0,3.8,0.9,2.1,2.2,83.2,2.147,100.0,58.33,['rain'],0.0,0.0,33.1,16.9,13.9,1018.5,95.5,15.8,28.2,2.4,1.0,06:30:59,1709724659,17:57:31,1709765851,0.88,"Rain, Overcast",Cloudy skies throughout the day with a chance of rain throughout the day.,rain,"['CXKE', 'E3670', '71063099999', '71628099999', 'CTCK', 'CXOA', '71300099999']"
2024-03-07,1709787600,10.1,1.1,5.0,10.1,-3.1,2.2,-5.6,47.6,0.0,0.0,0.0,,0.0,0.0,31.7,18.6,5.2,1022.8,50.8,24.0,179.0,15.5,7.0,06:29:09,1709810949,17:58:53,1709852333,0.91,Partially cloudy,Clearing in the afternoon.,partly-cloudy-day,"['CXKE', 'CYOW', 'CYND', 'E3670', '71063099999', '71628099999', 'CTCK', 'CXOA', '71300099999']"
2024-03-08,1709874000,7.8,-2.2,2.4,5.0,-5.8,-1.2,-5.7,55.4,0.0,0.0,0.0,,0.0,0.0,33.5,20.4,79.2,1025.9,39.9,24.0,174.0,14.9,7.0,06:27:19,1709897239,18:00:13,1709938813,0.94,Partially cloudy,Partly cloudy throughout the day.,partly-cloudy-day,"['CXKE', 'E3670', '71063099999', '71628099999', 'CTCK', 'CXOA', '71300099999']"
2024-03-09,1709960400,6.3,0.8,3.9,3.0,-3.5,0.1,0.4,79.0,8.96,100.0,50.0,['rain'],0.0,0.2,43.6,22.5,123.2,1010.1,93.8,16.4,24.1,2.1,2.0,06:25:28,1709983528,18:01:34,1710025294,0.98,"Rain, Overcast",Cloudy skies throughout the day with rain.,rain,"['CXKE', 'E3670', '71063099999', '71628099999', 'CTCK', 'CXOA', '71300099999']"
2024-03-10,1710046800,5.1,-4.1,0.5,2.7,-11.2,-4.4,-1.5,86.7,8.797,100.0,75.0,"['rain', 'snow']",3.2,0.3,42.7,30.1,290.9,997.2,93.3,10.7,42.6,3.4,2.0,07:23:36,1710069816,19:02:55,1710111775,0.0,"Snow, Rain, Overcast",Cloudy skies throughout the day with a chance of rain or snow throughout the day.,snow,"['CXKE', 'E3670', '71063099999', '71628099999', 'CTCK', 'CXOA', '71300099999']"
2024-03-11,1710129600,5.0,-4.1,0.4,-0.1,-10.7,-5.4,-8.1,55.6,0.0,0.0,0.0,,0.0,0.6,48.1,34.0,295.7,1004.6,60.0,23.7,180.4,15.7,7.0,07:21:44,1710156104,19:04:15,1710198255,0.04,Partially cloudy,Partly cloudy throughout the day.,partly-cloudy-day,"['CXKE', 'E3670', '71063099999', '71628099999', 'CTCK', 'CXOA', '71300099999']"
2024-03-12,1710216000,10.9,-1.8,4.1,10.9,-4.6,2.3,-5.3,51.3,0.0,0.0,0.0,,0.0,0.1,21.6,16.8,280.6,1010.2,38.3,24.0,177.4,15.4,7.0,07:19:52,1710242392,19:05:35,1710284735,0.08,Partially cloudy,Partly cloudy throughout the day.,partly-cloudy-day,"['CXKE', 'CYOW', 'CYND', 'E3670', '71063099999', '71628099999', 'CTCK', 'CXOA', '71300099999']"
2024-03-13,1710302400,9.2,-0.2,4.0,7.0,-5.0,0.6,-2.8,61.6,0.0,0.0,0.0,,0.0,0.0,33.5,22.1,72.9,1011.6,49.0,24.0,140.6,12.2,7.0,07:18:00,1710328680,19:06:55,1710371215,0.11,Partially cloudy,Partly cloudy throughout the day.,partly-cloudy-day,"['CXKE', 'E3670', '71063099999', '71628099999', 'CTCK', 'CXOA', '71300099999']"
2024-03-14,1710388800,13.1,-0.9,6.2,13.1,-2.5,5.6,-1.0,62.7,0.005,100.0,4.17,['rain'],0.0,0.0,20.2,14.2,228.7,1016.6,64.0,24.0,151.2,13.0,7.0,07:16:07,1710414967,19:08:14,1710457694,0.14,"Rain, Partially cloudy",Partly cloudy throughout the day with late afternoon rain.,rain,"['CXKE', 'E3670', '71063099999', '71628099999', 'CTCK', 'CXOA', '71300099999']"
2024-03-15,1710475200,11.1,4.1,7.4,11.1,-0.2,6.0,2.9,74.4,1.253,100.0,45.83,['rain'],0.0,0.0,27.4,20.7,8.3,1011.3,81.6,23.3,88.9,7.8,4.0,07:14:14,1710501254,19:09:34,1710544174,0.18,"Rain, Partially cloudy",Partly cloudy throughout the day with a chance of rain throughout the day.,rain,"['CXKE', 'E3670', '71063099999', '71628099999', 'CTCK', 'CXOA', '71300099999']"
2024-03-16,1710561600,6.2,-0.9,2.5,4.2,-4.1,-0.3,-1.0,78.9,2.034,100.0,25.0,"['rain', 'snow']",0.9,0.1,33.5,25.7,233.7,1007.4,77.5,21.5,74.4,6.5,3.0,07:12:20,1710587540,19:10:53,1710630653,0.21,"Snow, Rain, Partially cloudy",Partly cloudy throughout the day with rain or snow.,snow,"['CXKE', 'E3670', '71063099999', '71628099999', 'CTCK', 'CXOA', '71300099999']"
2024-03-17,1710648000,6.0,2.0,3.9,3.5,-2.2,1.0,0.3,78.9,4.092,100.0,62.5,"['rain', 'snow']",0.7,0.6,35.3,22.5,266.5,998.5,80.0,19.5,72.4,6.3,3.0,07:10:27,1710673827,19:12:12,1710717132,0.25,"Snow, Rain, Partially cloudy",Partly cloudy throughout the day with a chance of rain or snow throughout the day.,snow,"['CXKE', 'E3670', '71063099999', '71628099999', 'CTCK', 'CXOA', '71300099999']"
2024-03-18,1710734400,1.8,-2.0,0.1,-2.1,-8.0,-4.9,-3.3,78.4,0.485,100.0,33.33,"['rain', 'snow']",1.1,0.2,42.4,29.2,274.5,1003.3,88.7,13.1,59.0,5.0,3.0,07:08:33,1710760113,19:13:31,1710803611,0.28,"Snow, Rain, Partially cloudy",Partly cloudy throughout the day with rain or snow.,snow,"['CXKE', 'E3670', '71063099999', '71628099999', 'CTCK', 'CXOA', '71300099999']"
2024-03-19,1710820800,0.0,-6.2,-2.6,-1.8,-11.7,-7.2,-6.7,74.4,0.31,100.0,25.0,"['rain', 'snow']",0.9,1.4,37.0,27.9,264.9,1004.2,75.2,17.3,109.7,9.7,7.0,07:06:39,1710846399,19:14:50,1710890090,0.31,"Snow, Rain, Partially cloudy",Partly cloudy throughout the day with rain or snow.,snow,"['CXKE', 'CYOW', 'E3670', '71063099999', '71628099999', 'CTCK', 'CXOA', '71304199999', '71300099999']"
2024-03-20,1710907200,3.0,-5.3,-0.4,-1.5,-12.9,-5.7,-7.1,63.3,0.039,100.0,16.67,"['rain', 'snow']",1.3,0.4,46.2,29.9,267.7,1000.5,72.7,19.2,106.8,9.2,5.0,07:04:45,1710932685,19:16:08,1710976568,0.34,"Snow, Rain, Partially cloudy",Partly cloudy throughout the day with rain or snow.,snow,"['CXKE', 'CYOW', 'E3670', '71063099999', '71628099999', 'CTCK', 'CXOA', '71304199999', '71300099999']"
2024-03-21,1710993600,-3.9,-10.1,-7.1,-11.1,-19.6,-15.3,-15.7,51.7,0.03,100.0,4.17,['snow'],0.1,4.1,53.4,35.6,302.7,1018.6,55.0,21.3,200.6,17.3,7.0,07:02:51,1711018971,19:17:27,1711063047,0.38,"Snow, Partially cloudy",Partly cloudy throughout the day with afternoon snow.,snow,"['CXKE', 'E3670', '71063099999', '71628099999', 'CTCK', 'CXOA', '71300099999']"
2024-03-22,1711080000,-3.8,-11.9,-7.6,-3.8,-17.3,-10.7,-17.2,46.9,0.0,0.0,0.0,,0.0,0.4,37.1,16.7,323.3,1029.2,60.1,24.0,117.4,10.3,4.0,07:00:57,1711105257,19:18:45,1711149525,0.41,Partially cloudy,Partly cloudy throughout the day.,partly-cloudy-day,"['CXKE', 'E3670', '71063099999', '71628099999', 'CTCK', 'CXOA', '71300099999']"
2024-03-23,1711166400,-0.2,-6.9,-4.3,-3.2,-13.2,-9.1,-9.4,68.3,0.22,100.0,33.33,['snow'],1.1,0.7,33.5,21.1,81.3,1021.7,71.6,21.5,130.0,11.3,7.0,06:59:03,1711191543,19:20:03,1711236003,0.45,"Snow, Partially cloudy",Partly cloudy throughout the day with a chance of snow throughout the day.,snow,"['CXKE', 'E3670', '71063099999', '71628099999', 'CTCK', 'CXOA', '71300099999']"
2024-03-24,1711252800,1.0,-8.1,-3.8,-2.1,-15.0,-7.9,-14.2,49.3,0.018,100.0,12.5,"['rain', 'snow']",0.0,0.1,31.7,19.0,297.9,1027.2,13.9,24.0,219.6,18.8,8.0,06:57:09,1711277829,19:21:21,1711322481,0.48,"Snow, Rain",Clear conditions throughout the day with afternoon rain or snow.,rain,"['CXKE', 'E3670', '71063099999', '71628099999', 'CTCK', 'CXOA', '71300099999']"
2024-03-25,1711339200,8.9,-5.2,1.4,6.0,-10.3,-2.2,-10.4,42.7,0.0,0.0,0.0,,0.0,0.0,36.4,24.3,92.4,1030.3,21.9,24.0,211.4,18.1,8.0,06:55:15,1711364115,19:22:39,1711408959,0.5,Partially cloudy,Becoming cloudy in the afternoon.,partly-cloudy-day,"['CXKE', 'E3670', '71063099999', '71628099999', 'CTCK', 'CXOA', '71300099999']"
2024-03-26,1711425600,10.8,-0.3,5.2,10.8,-5.3,2.0,-4.8,49.6,0.0,0.0,0.0,,0.0,0.0,46.4,26.2,85.4,1020.5,75.4,23.7,88.4,7.6,4.0,06:53:21,1711450401,19:23:57,1711495437,0.55,Partially cloudy,Partly cloudy throughout the day.,partly-cloudy-day,"['CXKE', 'CYOW', 'CYND', 'E3670', '71063099999', '71628099999', 'CTCK', 'CXOA', '71304199999', '71300099999']"
2024-03-27,1711512000,15.0,5.2,9.3,15.0,2.6,8.0,4.2,72.1,0.514,100.0,25.0,['rain'],0.0,0.0,37.3,23.3,183.3,1013.3,91.9,21.7,62.1,5.5,3.0,06:51:27,1711536687,19:25:15,1711581915,0.58,"Rain, Overcast",Cloudy skies throughout the day with rain clearing later.,rain,"['CXKE', 'CYOW', 'CYND', 'E3670', '71063099999', '71628099999', 'CTCK', 'CXOA', '71300099999']"
2024-03-28,1711598400,9.0,2.0,5.5,8.5,-0.4,3.0,-3.0,56.2,0.0,0.0,0.0,,0.0,0.0,31.7,16.8,263.7,1016.1,77.8,24.0,194.7,16.9,8.0,06:49:34,1711622974,19:26:33,1711668393,0.62,Partially cloudy,Partly cloudy throughout the day.,partly-cloudy-day,"['CXKE', 'CYOW', 'CYND', 'E3670', 'CTCK', 'CXOA']"
2024-03-29,1711684800,6.9,-2.3,2.7,3.0,-5.5,-1.1,-6.4,52.2,0.0,0.0,0.0,,0.0,0.0,47.1,29.6,301.4,1011.0,63.2,24.0,183.8,15.8,10.0,06:47:40,1711709260,19:27:50,1711754870,0.65,Partially cloudy,Partly cloudy throughout the day.,partly-cloudy-day,"['CXKE', 'CYOW', 'CYND', 'E3670', 'CTCK', 'CXOA']"
2024-03-30,1711771200,7.0,-1.0,2.4,3.8,-7.0,-2.0,-8.9,44.4,0.0,0.0,0.0,,0.0,0.0,38.2,26.5,301.2,1009.2,70.4,24.0,221.0,19.1,8.0,06:45:47,1711795547,19:29:08,1711841348,0.69,Partially cloudy,Clearing in the afternoon.,partly-cloudy-day,"['CXKE', 'CYOW', 'CYND', 'E3670', 'CTCK', 'CXOA']"
2024-03-31,1711857600,10.0,0.7,5.2,10.0,-2.3,2.5,-6.9,43.0,0.0,0.0,0.0,,0.0,0.0,40.8,22.3,280.3,1011.1,49.6,24.0,221.1,19.1,8.0,06:43:54,1711881834,19:30:26,1711927826,0.72,Partially cloudy,Clearing in the afternoon.,partly-cloudy-day,"['CXKE', 'CYOW', 'CYND', 'E3670', '71628099999', 'CTCK', 'CXOA']"
2024-04-01,1711944000,10.8,-1.3,4.7,10.8,-1.3,3.5,-3.6,58.9,0.0,0.0,0.0,['rain'],0.0,0.0,33.5,22.4,352.2,1015.5,65.1,24.0,171.2,14.7,8.0,06:42:01,1711968121,19:31:43,1712014303,0.75,Partially cloudy,Partly cloudy throughout the day.,partly-cloudy-day,"['CXKE', 'CYOW', 'CYND', 'E3670', '71628099999', '71063099999', 'CTCK', 'CXOA', '71300099999']"
2024-04-02,1712030400,11.1,-1.4,5.2,11.1,-4.7,2.2,-4.6,55.3,0.0,0.0,0.0,,0.0,0.0,47.9,34.9,80.3,1017.0,67.4,24.0,194.0,16.9,7.0,06:40:08,1712054408,19:33:01,1712100781,0.79,Partially cloudy,Partly cloudy throughout the day.,partly-cloudy-day,"['CXKE', 'CYOW', 'CYND', 'E3670', '71063099999', '71628099999', '71627999999', 'CTCK', 'CXOA', '71300099999']"
2024-04-03,1712116800,6.1,0.2,3.9,2.1,-6.0,-1.3,-2.1,67.4,20.395,100.0,45.83,"['rain', 'snow']",5.8,0.8,58.9,37.0,88.1,1007.2,91.0,15.1,21.9,1.7,1.0,06:38:16,1712140696,19:34:18,1712187258,0.82,"Snow, Rain, Overcast",Cloudy skies throughout the day with rain or snow.,snow,"['CXKE', 'E3670', '71063099999', '71628099999', 'CTCK', 'CXOA', '71304199999', '71300099999']"
2024-04-04,1712203200,1.1,-1.1,0.0,-2.3,-8.7,-6.2,-1.2,91.2,7.075,100.0,91.67,['snow'],11.1,14.9,60.2,40.3,73.5,1004.4,89.2,5.3,51.5,4.3,2.0,06:36:24,1712226984,19:35:35,1712273735,0.86,"Snow, Partially cloudy",Partly cloudy throughout the day with a chance of snow throughout the day.,snow,"['CXKE', 'E3670', '71063099999', '71628099999', 'CTCK', 'CXOA', '71300099999']"
2024-04-05,1712289600,6.7,0.0,3.0,3.5,-4.8,-0.7,0.6,85.2,2.966,100.0,87.5,"['rain', 'snow']",1.8,14.3,44.3,17.9,356.2,1005.7,92.3,19.5,95.7,8.3,6.0,06:34:33,1712313273,19:36:53,1712360213,0.89,"Snow, Rain, Overcast",Cloudy skies throughout the day with a chance of rain or snow throughout the day.,snow,"['CXKE', 'E3670', '71063099999', '71628099999', 'CTCK', 'CXOA', '71300099999']"
2024-04-06,1712376000,11.9,3.0,6.8,11.9,-0.6,4.6,-0.6,61.2,0.0,0.0,0.0,['rain'],0.0,2.8,35.3,22.0,0.5,1013.9,60.6,24.0,140.3,12.0,9.0,06:32:42,1712399562,19:38:10,1712446690,0.93,Partially cloudy,Partly cloudy throughout the day.,partly-cloudy-day,"['CXKE', 'E3670', '71063099999', '71628099999', 'CTCK', 'CXOA', '71300099999']"
2024-04-07,1712462400,15.9,-0.9,8.2,15.9,-0.9,7.5,-3.0,50.5,0.004,100.0,4.17,['rain'],0.0,2.1,20.2,11.1,351.1,1020.6,5.0,24.0,245.8,21.1,8.0,06:30:51,1712485851,19:39:27,1712533167,0.96,Rain,Clear conditions throughout the day with afternoon rain.,rain,"['CXKE', 'E3670', '71063099999', '71628099999', 'CTCK', 'CXOA', '71300099999']"
2024-04-08,1712548800,17.1,1.0,9.9,17.1,0.6,9.7,-2.6,45.8,0.0,0.0,0.0,,0.0,0.1,16.6,17.8,265.8,1019.2,48.3,24.0,176.7,15.3,9.0,06:29:01,1712572141,19:40:45,1712619645,0.0,Partially cloudy,Partly cloudy throughout the day.,partly-cloudy-day,"['CXKE', 'E3670', '71063099999', '71628099999', 'CTCK', 'CXOA', '71300099999']"
2024-04-09,1712635200,20.3,4.8,12.7,20.3,4.8,12.4,-0.4,43.1,0.0,0.0,0.0,['rain'],0.0,0.0,33.5,20.7,116.9,1015.6,56.7,24.0,206.0,17.8,8.0,06:27:12,1712658432,19:42:02,1712706122,0.03,Partially cloudy,Partly cloudy throughout the day.,partly-cloudy-day,"['CXKE', 'E3670', '71063099999', '71628099999', 'CTCK', 'CXOA', '71300099999']"
2024-04-10,1712721600,21.8,6.8,13.3,21.8,4.3,12.6,2.4,48.4,0.03,100.0,4.17,['rain'],0.0,0.0,33.3,20.8,55.4,1012.4,61.5,24.0,190.6,16.5,8.0,06:25:22,1712744722,19:43:19,1712792599,0.06,"Rain, Partially cloudy",Partly cloudy throughout the day with morning rain.,rain,"['CXKE', 'E3670', '71063099999', '71628099999', 'CTCK', 'CXOA', '71300099999']"
2024-04-11,1712808000,12.8,5.2,9.6,12.8,4.2,8.9,7.8,89.2,8.41,100.0,41.67,['rain'],0.0,0.0,40.3,22.8,80.1,1009.8,87.0,16.5,24.4,1.9,1.0,06:23:34,1712831014,19:44:37,1712879077,0.1,"Rain, Partially cloudy",Partly cloudy throughout the day with rain.,rain,"['CXKE', 'E3670', '71063099999', '71628099999', 'CTCK', 'CXOA', '71300099999']"
2024-04-12,1712894400,16.0,8.7,11.7,16.0,5.5,11.1,9.5,86.8,16.693,100.0,70.83,['rain'],0.0,0.0,54.6,36.6,155.4,989.5,89.9,20.0,58.7,4.9,3.0,06:21:46,1712917306,19:45:54,1712965554,0.13,"Rain, Partially cloudy",Partly cloudy throughout the day with a chance of rain throughout the day.,rain,"['CXKE', 'E3670', '71063099999', '71628099999', 'CTCK', 'CXOA', '71300099999']"
2024-04-13,1712980800,7.8,3.7,5.2,4.6,-1.0,1.1,2.9,85.7,2.984,100.0,79.17,['rain'],0.0,0.0,50.8,29.7,272.4,996.9,87.8,17.0,72.1,6.2,3.0,06:19:59,1713003599,19:47:11,1713052031,0.16,"Rain, Partially cloudy",Partly cloudy throughout the day with a chance of rain throughout the day.,rain,"['CXKE', 'E3670', '71063099999', '71628099999', 'CTCK', 'CXOA', '71300099999']"
2024-04-14,1713067200,8.7,0.1,5.4,8.0,-2.5,4.1,2.7,82.9,0.894,100.0,20.83,['rain'],0.0,0.0,25.9,14.6,240.6,1006.8,67.4,23.4,62.4,5.2,3.0,06:18:12,1713089892,19:48:28,1713138508,0.19,"Rain, Partially cloudy",Partly cloudy throughout the day with rain.,rain,"['CXKE', 'E3670', '71063099999', '71628099999', 'CTCK', 'CXOA', '71300099999']"
2024-04-15,1713153600,13.2,4.9,8.3,13.2,2.8,6.9,3.4,73.9,1.596,100.0,45.83,['rain'],0.0,0.0,40.7,19.7,276.1,1010.5,51.6,22.8,184.5,15.9,9.0,06:16:27,1713176187,19:49:46,1713224986,0.25,"Rain, Partially cloudy",Partly cloudy throughout the day with a chance of rain throughout the day.,rain,"['CXKE', 'E3670', '71063099999', '71628099999', 'CTCK', 'CXOA', '71300099999']"
2024-04-16,1713240000,14.1,2.7,7.9,14.1,0.7,6.5,0.4,62.9,0.0,0.0,0.0,,0.0,0.0,29.2,24.1,319.2,1020.9,29.3,24.0,201.2,17.3,8.0,06:14:41,1713262481,19:51:03,1713311463,0.26,Partially cloudy,Partly cloudy throughout the day.,partly-cloudy-day,"['CXKE', 'E3670', '71063099999', '71628099999', '71627999999', 'CTCK', 'CXOA', '71300099999']"
2024-04-17,1713326400,10.7,-0.9,5.5,10.7,-5.5,2.3,-2.7,56.5,0.0,0.0,0.0,,0.0,0.0,47.5,35.5,70.3,1022.7,55.3,24.0,203.9,17.6,9.0,06:12:57,1713348777,19:52:20,1713397940,0.29,Partially cloudy,Partly cloudy throughout the day.,partly-cloudy-day,"['71628099999', 'E3670', '71627999999']"
2024-04-18,1713412800,8.3,4.4,6.7,8.1,-0.4,3.7,4.1,85.4,0.0,0.0,0.0,['rain'],0.0,0.0,54.7,29.5,83.5,1016.4,88.5,12.7,19.7,1.6,1.0,06:11:14,1713435074,19:53:37,1713484417,0.33,Partially cloudy,Partly cloudy throughout the day.,partly-cloudy-day,"['E3670', '71628099999', '71627999999']"
2024-04-19,1713499200,11.9,7.1,9.5,11.9,4.7,8.4,8.0,90.9,14.445,100.0,33.33,['rain'],0.0,0.0,46.1,29.3,194.6,1013.0,78.9,14.5,32.1,2.8,2.0,06:09:31,1713521371,19:54:54,1713570894,0.36,"Rain, Partially cloudy",Partly cloudy throughout the day with a chance of rain throughout the day.,rain,"['CXKE', 'E3670', '71628099999', '71063099999', '71627999999', 'CTCK', 'CXOA', '71304199999', '71300099999']"
2024-04-20,1713585600,8.0,3.3,5.7,5.1,-0.3,2.6,-0.4,65.5,1.236,100.0,25.0,['rain'],0.0,0.0,44.3,22.5,260.5,1012.5,59.4,23.6,120.0,10.3,5.0,06:07:49,1713607669,19:56:11,1713657371,0.39,"Rain, Partially cloudy",Partly cloudy throughout the day with rain.,rain,"['CXKE', 'E3670', '71063099999', '71628099999', 'CTCK', 'CXOA', '71300099999']"
2024-04-21,1713672000,8.8,0.9,4.6,5.6,-3.2,1.0,-3.0,60.0,0.249,100.0,4.17,"['rain', 'snow']",0.1,0.0,46.7,30.7,266.5,1012.3,55.7,23.4,137.5,11.8,7.0,06:06:08,1713693968,19:57:28,1713743848,0.42,"Snow, Rain, Partially cloudy",Partly cloudy throughout the day with late afternoon rain or snow.,snow,"['CXKE', 'E3670', '71063099999', '71628099999', 'CTCK', 'CXOA', '71300099999']"
2024-04-22,1713758400,10.8,-2.2,3.6,10.8,-5.3,0.7,-5.7,52.6,0.085,100.0,20.83,"['rain', 'snow']",0.0,0.0,39.8,28.7,248.3,1017.7,25.6,24.0,262.0,22.6,10.0,06:04:28,1713780268,19:58:45,1713830325,0.46,"Snow, Rain, Partially cloudy",Partly cloudy throughout the day with rain or snow.,rain,"['CXKE', 'E3670', '71063099999', '71628099999', 'CTCK', 'CXOA', '71300099999']"
2024-04-23,1713844800,16.1,1.2,10.2,16.1,-1.0,9.0,0.2,53.1,0.954,100.0,8.33,['rain'],0.0,0.0,57.0,34.8,213.1,1011.4,64.9,23.0,102.5,8.9,5.0,06:02:49,1713866569,20:00:02,1713916802,0.5,"Rain, Partially cloudy",Partly cloudy throughout the day with late afternoon rain.,rain,"['CXKE', 'E3670', '71063099999', '71628099999', 'CTCK', 'CXOA', '71300099999']"
2024-04-24,1713931200,9.8,0.2,4.6,7.8,-4.2,0.5,-2.6,63.8,11.008,100.0,45.83,"['rain', 'snow']",0.0,0.0,52.9,33.3,328.8,1015.3,52.0,18.6,228.7,19.7,9.0,06:01:11,1713952871,20:01:19,1714003279,0.52,"Snow, Rain, Partially cloudy",Clearing in the afternoon with rain or snow clearing later.,rain,"['CXKE', 'E3670', '71063099999', '71628099999', 'CTCK', 'CXOA', '71300099999']"
2024-04-25,1714017600,8.2,-2.9,2.5,6.0,-6.6,0.0,-8.9,43.6,0.035,100.0,8.33,['rain'],0.0,0.0,21.6,15.0,316.0,1029.3,1.8,24.0,278.7,24.1,9.0,05:59:34,1714039174,20:02:36,1714089756,0.56,Rain,Clear conditions throughout the day with afternoon rain.,rain,"['CXKE', 'E3670', '71063099999', '71628099999', 'CTCK', 'CXOA', '71300099999']"
2024-04-26,1714104000,14.2,-1.9,7.1,14.2,-1.9,7.0,-4.6,48.1,0.023,100.0,8.33,"['rain', 'freezingrain', 'snow']",0.0,0.0,18.7,11.6,150.2,1031.4,5.1,24.0,278.3,24.0,9.0,05:57:58,1714125478,20:03:52,1714176232,0.59,"Snow, Rain, Freezing Drizzle/Freezing Rain",Clear conditions throughout the day with afternoon rain or snow.,rain,"['CXKE', 'E3670', '71063099999', '71628099999', 'CTCK', 'CXOA', '71300099999']"
2024-04-27,1714190400,19.1,2.8,10.4,19.1,0.2,9.6,1.8,58.3,2.212,100.0,20.83,['rain'],0.0,0.0,38.0,27.3,140.6,1025.1,71.1,22.2,126.3,10.8,6.0,05:56:24,1714211784,20:05:09,1714262709,0.63,"Rain, Partially cloudy",Partly cloudy throughout the day with rain.,rain,"['CXKE', 'E3670', '71063099999', '71628099999', 'CTCK', 'CXOA', '71300099999']"
2024-04-28,1714276800,20.3,9.7,14.3,20.3,7.9,14.1,9.6,74.6,3.088,100.0,25.0,['rain'],0.0,0.0,35.0,24.0,303.7,1016.1,87.6,22.8,140.9,12.2,8.0,05:54:50,1714298090,20:06:25,1714349185,0.67,"Rain, Partially cloudy",Partly cloudy throughout the day with a chance of rain throughout the day.,rain,"['CXKE', 'E2286', 'CYOW', 'CYND', 'E3670', '71063099999', '71628099999', 'CTCK', 'CXOA', '71300099999']"
2024-04-29,1714363200,11.8,5.7,8.8,11.8,2.3,7.0,2.0,62.9,1.413,100.0,8.33,['rain'],0.0,0.0,34.5,21.4,51.7,1020.5,92.7,24.0,141.5,12.1,5.0,05:53:18,1714384398,20:07:41,1714435661,0.7,"Rain, Overcast",Cloudy skies throughout the day with morning rain.,rain,"['E2286', 'CXKE', 'CYOW', 'CYND', 'CTCK', 'CXOA']"
2024-04-30,1714449600,8.8,5.9,7.3,5.9,2.8,4.3,5.3,87.6,9.116,100.0,41.67,['rain'],0.0,0.0,40.3,28.1,75.9,1014.8,100.0,17.3,51.6,4.7,3.0,05:51:47,1714470707,20:08:57,1714522137,0.74,"Rain, Overcast",Cloudy skies throughout the day with a chance of rain throughout the day.,rain,"['E2286', 'CXKE', 'CYOW', 'CYND', 'E3670', 'CTCK', 'CXOA']"
2024-05-01,1714536000,15.0,5.9,10.1,15.0,4.8,9.7,6.5,79.4,0.491,100.0,8.33,['rain'],0.0,0.0,20.2,16.1,130.2,1013.6,93.0,22.4,160.5,13.8,7.0,05:50:17,1714557017,20:10:13,1714608613,0.75,"Rain, Overcast",Cloudy skies throughout the day with rain.,rain,"['CXKE', 'CYOW', 'CYND', 'E3670', 'CTCK', 'CXOA']"
2024-05-02,1714622400,18.2,7.1,13.2,18.2,7.1,13.2,9.4,79.1,1.413,100.0,4.17,['rain'],0.0,0.0,33.5,17.6,324.2,1014.1,69.9,22.1,112.7,9.7,6.0,05:48:48,1714643328,20:11:28,1714695088,0.81,"Rain, Partially cloudy",Partly cloudy throughout the day with early morning rain.,rain,"['CXKE', 'CYOW', 'CYND', 'E3670', 'CTCK', 'CXOA']"
2024-05-03,1714708800,18.0,8.7,13.3,18.0,6.5,12.8,8.7,75.1,0.0,0.0,0.0,['rain'],0.0,0.0,29.5,17.4,76.9,1020.6,81.1,24.0,232.8,20.0,9.0,05:47:21,1714729641,20:12:43,1714781563,0.84,Partially cloudy,Partly cloudy throughout the day.,partly-cloudy-day,"['CXKE', 'CYOW', 'CYND', 'E3670', 'CTCK', 'CXOA']"
2024-05-04,1714795200,22.7,12.0,16.8,22.7,12.0,16.8,10.2,66.0,0.0,0.0,0.0,['rain'],0.0,0.0,31.7,16.9,96.2,1021.5,87.9,24.0,216.0,18.7,9.0,05:45:55,1714815955,20:13:58,1714868038,0.88,Partially cloudy,Partly cloudy throughout the day.,partly-cloudy-day,"['CXKE', 'CYOW', 'CYND', 'E3670', 'CTCK', 'CXOA']"
2024-05-05,1714881600,15.9,11.8,13.3,15.9,11.8,13.3,10.9,85.9,14.163,100.0,41.67,['rain'],0.0,0.0,36.0,22.2,187.0,1016.9,98.0,19.4,29.1,2.5,1.0,05:44:31,1714902271,20:15:13,1714954513,0.91,"Rain, Overcast",Cloudy skies throughout the day with rain in the morning and afternoon.,rain,"['CXKE', 'CYOW', 'CYND', 'E3670', 'CTCK', 'CXOA']"
2024-05-06,1714968000,20.3,9.7,15.6,20.3,9.7,15.6,8.0,65.4,0.232,100.0,8.33,['rain'],0.0,0.0,35.9,20.7,267.7,1013.8,38.0,22.1,284.1,24.4,9.0,05:43:08,1714988588,20:16:27,1715040987,0.95,"Rain, Partially cloudy",Partly cloudy throughout the day with early morning rain.,rain,"['CXKE', 'CYOW', 'CYND', 'E3670', 'CTCK', 'CXOA']"
2024-05-07,1715054400,21.1,6.9,15.2,21.1,6.9,15.2,4.3,51.5,0.0,0.0,0.0,,0.0,0.0,31.7,19.2,272.4,1009.9,22.6,24.0,277.1,24.0,9.0,05:41:46,1715074906,20:17:41,1715127461,0.0,Partially cloudy,Partly cloudy throughout the day.,partly-cloudy-day,"['CXKE', 'CYOW', 'CYND', 'E3670', 'CTCK', 'CXOA']"
2024-05-08,1715140800,14.7,8.8,11.1,14.7,6.3,10.7,6.0,72.0,9.791,100.0,33.33,['rain'],0.0,0.0,41.3,25.5,51.5,1003.5,78.6,19.5,54.8,4.8,2.0,05:40:26,1715161226,20:18:54,1715213934,0.02,"Rain, Partially cloudy",Partly cloudy throughout the day with rain in the morning and afternoon.,rain,"['CXKE', 'CYOW', 'CYND', 'E3670', 'CTCK', 'CXOA']"
